"","cdd","hdd","city","longitude","latitude","population"
"1",1105,4750,"New York",-74.0059413,40.7127837,"8405837"
"2",1247,1083,"Los Angeles",-118.2436849,34.0522342,"3884307"
"3",651,5579,"Chicago",-87.6297982,41.8781136,"2718782"
"4",2080,1237,"Houston",-95.3698028,29.7604267,"2195914"
"5",726,4350,"Philadelphia",-75.1652215,39.9525839,"1553165"
"6",4567,868,"Phoenix",-112.0740373,33.4483771,"1513367"
"7",3663,1410,"San Antonio",-98.4936282,29.4241219,"1409019"
"8",1816,1226,"San Diego",-117.1610838,32.715738,"1355896"
"9",2410,2135,"Dallas",-96.7969879,32.7766642,"1257676"
"10",848,2257,"San Jose",-121.8863286,37.3382082,"998537"
"11",2945,1540,"Austin",-97.7430608,30.267153,"885400"
"12",778,5776,"Indianapolis",-86.158068,39.768403,"843393"
"13",3009,1097,"Jacksonville",-81.655651,30.3321838,"842583"
"14",885,2909,"San Francisco",-122.4194155,37.7749295,"837442"
"15",922,5473,"Columbus",-82.9987942,39.9611755,"822553"
"16",2169,3390,"Charlotte",-80.8431267,35.2270869,"792862"
"17",2206,2373,"Fort Worth",-97.3307658,32.7554883,"792727"
"18",816,6168,"Detroit",-83.0457538,42.331427,"688701"
"19",2278,2473,"El Paso",-106.4424559,31.7775757,"674433"
"20",2274,2965,"Memphis",-90.0489801,35.1495343,"653450"
"21",339,4370,"Seattle",-122.3320708,47.6062095,"652405"
"22",1,5461,"Denver",-104.990251,39.7392358,"649495"
"23",1207,4178,"Washington",-77.0368707,38.9071923,"646449"
"24",492,5681,"Boston",-71.0588801,42.3600825,"645966"
"25",2751,3688,"Nashville-Davidson",-86.7816016,36.1626638,"634464"
"26",1145,3444,"Baltimore",-76.6121893,39.2903848,"622104"
"27",1851,3365,"Oklahoma City",-97.5164276,35.4675602,"610613"
"28",1614,4097,"Louisville/Jefferson County",-85.7584557,38.2526647,"609893"
"29",496,4235,"Portland",-122.6764816,45.5230622,"609456"
"30",3294,2045,"Las Vegas",-115.1398296,36.1699412,"603488"
"31",459,6689,"Milwaukee",-87.9064736,43.0389025,"599164"
"32",1804,4180,"Albuquerque",-106.6055534,35.0853336,"556495"
"33",3566,1391,"Tucson",-110.926479,32.2217429,"526116"
"34",2124,2346,"Fresno",-119.7725868,36.7468422,"509924"
"35",469,2301,"Sacramento",-121.4943996,38.5815719,"479686"
"36",1700,1217,"Long Beach",-118.1937395,33.7700504,"469428"
"37",1238,4686,"Kansas City",-94.5785667,39.0997265,"467007"
"38",731,1268,"Mesa",-111.8314724,33.4151843,"457587"
"39",1910,3397,"Virginia Beach",-75.977985,36.8529263,"448479"
"40",927,2880,"Atlanta",-84.3879824,33.7489954,"447841"
"41",455,6292,"Colorado Springs",-104.8213634,38.8338816,"439886"
"42",691,6167,"Omaha",-95.9979883,41.2523634,"434353"
"43",1655,3294,"Raleigh",-78.6381787,35.7795897,"431746"
"44",4249,145,"Miami",-80.1917902,25.7616798,"417650"
"45",429,2363,"Oakland",-122.2711137,37.8043637,"406253"
"46",393,7383,"Minneapolis",-93.2650108,44.977753,"400070"
"47",2825,3574,"Tulsa",-95.992775,36.1539816,"398121"
"48",700,5438,"Cleveland",-81.6943605,41.49932,"390113"
"49",1453,4592,"Wichita",-97.336111,37.688889,"386552"
"50",2419,2486,"Arlington",-97.1080656,32.735687,"379577"
"51",2359,1261,"New Orleans",-90.0715323,29.9510658,"378715"
"52",1545,2173,"Bakersfield",-119.0187125,35.3732921,"363630"
"53",4021,539,"Tampa",-82.4571776,27.950575,"352957"
"54",3187,4,"Honolulu",-157.8583333,21.3069444,"347884"
"55",318,6068,"Aurora",-104.8319195,39.7294319,"345803"
"56",288,1225,"Anaheim",-117.9145036,33.8352932,"345012"
"57",1399,1004,"Santa Ana",-117.8678338,33.7455731,"334227"
"58",1451,4471,"St. Louis",-90.1994042,38.6270025,"318416"
"59",740,1286,"Riverside",-117.3961564,33.9533487,"316619"
"60",3615,899,"Corpus Christi",-97.396381,27.8005828,"316381"
"61",1191,4610,"Lexington-Fayette",-84.5037164,38.0405837,"308428"
"62",360,5563,"Pittsburgh",-79.9958864,40.4406248,"305841"
"63",4,10068,"Anchorage",-149.9002778,61.2180556,"300950"
"64",72,2389,"Stockton",-121.2907796,37.9577016,"298118"
"65",1067,4957,"Cincinnati",-84.5120196,39.1031182,"297517"
"66",1209,7298,"St. Paul",-93.0899578,44.9537029,"294873"
"67",834,5782,"Toledo",-83.555212,41.6639383,"282313"
"68",1440,3617,"Greensboro",-79.7919754,36.0726354,"279639"
"69",530,4870,"Newark",-74.1723667,40.735657,"278427"
"70",4289,2416,"Plano",-96.6988856,33.0198431,"274409"
"71",888,2180,"Henderson",-114.9817213,36.0395247,"270811"
"72",750,6079,"Lincoln",-96.6851982,40.8257625,"268738"
"73",597,6617,"Buffalo",-78.8783689,42.8864468,"258959"
"74",530,4870,"Jersey City",-74.0776417,40.7281575,"257342"
"75",213,1265,"Chula Vista",-117.0841955,32.6400541,"256780"
"76",662,6102,"Fort Wayne",-85.1393513,41.079273,"256496"
"77",3404,530,"Orlando",-81.3792365,28.5383355,"255483"
"78",3773,417,"St. Petersburg",-82.64,27.773056,"249688"
"79",731,1268,"Chandler",-111.8412502,33.3061605,"249146"
"80",3441,927,"Laredo",-99.4803241,27.5305671,"248142"
"81",1549,3376,"Norfolk",-76.2858726,36.8507689,"246139"
"82",1650,3898,"Durham",-78.898619,35.9940329,"245475"
"83",616,7283,"Madison",-89.4012302,43.0730517,"243344"
"84",1790,3380,"Lubbock",-101.8551665,33.5778631,"239538"
"85",1399,924,"Irvine",-117.7946942,33.6839473,"236716"
"86",1501,3469,"Winston-Salem",-80.244216,36.0998596,"236441"
"87",790,1136,"Glendale",-112.1859866,33.5386523,"234632"
"88",4289,2416,"Garland",-96.6388833,32.912624,"234566"
"89",2400,168,"Hialeah",-80.2781057,25.8575963,"233394"
"90",57,5268,"Reno",-119.8138027,39.5296329,"233294"
"91",1549,3376,"Chesapeake",-76.2874927,36.7682088,"230571"
"92",731,1268,"Gilbert",-111.789027,33.3528264,"229972"
"93",2418,1555,"Baton Rouge",-91.1403196,30.4582829,"229426"
"94",2798,2207,"Irving",-96.9488945,32.8140177,"228653"
"95",731,1268,"Scottsdale",-111.9260519,33.4941704,"226918"
"96",102,2000,"North Las Vegas",-115.1175013,36.1988592,"226877"
"97",1360,2382,"Fremont",-121.9885719,37.5482697,"224922"
"98",383,5513,"Boise City",-116.2146068,43.6187102,"214237"
"99",1550,3771,"Richmond",-77.4360481,37.5407246,"214114"
"100",450,1420,"San Bernardino",-117.2897652,34.1083449,"213708"
"101",2628,2678,"Birmingham",-86.80249,33.5206608,"212113"
"102",407,6294,"Spokane",-117.4260466,47.6587802,"210721"
"103",570,6646,"Rochester",-77.6109219,43.16103,"210358"
"104",742,6203,"Des Moines",-93.6091064,41.6005448,"207510"
"105",1321,2172,"Modesto",-120.9968782,37.6390972,"204933"
"106",1749,3142,"Fayetteville",-78.8783585,35.0526641,"204408"
"107",767,4386,"Tacoma",-122.4442906,47.2528768,"203446"
"108",1609,1723,"Oxnard",-119.1770516,34.1975048,"203007"
"109",325,1471,"Fontana",-117.435048,34.0922335,"203003"
"110",2368,2122,"Columbus",-84.9877094,32.4609764,"202824"
"111",1647,2237,"Montgomery",-86.2999689,32.3668052,"201332"
"112",325,1471,"Moreno Valley",-117.2296717,33.9424658,"201175"
"113",2442,2264,"Shreveport",-93.7501789,32.5251516,"200327"
"114",925,6291,"Aurora",-88.3200715,41.7605849,"199963"
"115",424,5310,"Yonkers",-73.8987469,40.9312099,"199766"
"116",364,5670,"Akron",-81.5190053,41.0814447,"198100"
"117",877,1251,"Huntington Beach",-117.9992265,33.660297,"197575"
"118",2388,3053,"Little Rock",-92.2895948,34.7464809,"197357"
"119",824,2172,"Augusta-Richmond County",-82.0105148,33.4734978,"197350"
"120",2502,4178,"Amarillo",-101.8312969,35.2219971,"196429"
"121",167,1054,"Glendale",-118.255075,34.1425078,"196021"
"122",2539,1656,"Mobile",-88.0398912,30.6953657,"194899"
"123",698,6485,"Grand Rapids",-85.6680863,42.9633599,"192294"
"124",146,4967,"Salt Lake City",-111.8910474,40.7607793,"191180"
"125",2592,1596,"Tallahassee",-84.2807329,30.4382559,"186411"
"126",1135,3002,"Huntsville",-86.5861037,34.7303688,"186254"
"127",2798,2207,"Grand Prairie",-96.9977846,32.7459645,"183372"
"128",1458,3955,"Knoxville",-83.9207392,35.9606384,"183270"
"129",469,6717,"Worcester",-71.8022934,42.2625932,"182544"
"130",2010,3538,"Newport News",-76.4730122,37.0870821,"182020"
"131",3310,554,"Brownsville",-97.4974838,25.9017472,"181860"
"132",1055,5079,"Overland Park",-94.6707917,38.9822282,"181260"
"133",105,1822,"Santa Clarita",-118.542586,34.3916641,"179590"
"134",780,5618,"Providence",-71.4128343,41.8239891,"177994"
"135",1399,1004,"Garden Grove",-117.9414477,33.7739053,"175140"
"136",1397,3941,"Chattanooga",-85.3096801,35.0456297,"173366"
"137",1057,2060,"Oceanside",-117.3794834,33.1958696,"172794"
"138",2401,2219,"Jackson",-90.1848103,32.2987573,"172638"
"139",4041,156,"Fort Lauderdale",-80.1373174,26.1224386,"172389"
"140",293,2567,"Santa Rosa",-122.7140548,38.440429,"171990"
"141",3687,1537,"Rancho Cucamonga",-117.5931084,34.1063989,"171386"
"142",2551,290,"Port St. Lucie",-80.3582261,27.2730492,"171016"
"143",731,1268,"Tempe",-111.9400054,33.4255104,"168228"
"144",3687,1537,"Ontario",-117.6508876,34.0633443,"167500"
"145",375,4347,"Vancouver",-122.6614861,45.6387281,"167405"
"146",3273,286,"Cape Coral",-81.9495331,26.5628537,"165831"
"147",514,7706,"Sioux Falls",-96.7311034,43.5445959,"164676"
"148",1244,4578,"Springfield",-93.2922989,37.2089572,"164122"
"149",790,1136,"Peoria",-112.2373779,33.5805955,"162592"
"150",4339,146,"Pembroke Pines",-80.2962555,26.007765,"162329"
"151",1208,2618,"Elk Grove",-121.3716178,38.4087993,"161007"
"152",828,4652,"Salem",-123.0350963,44.9428975,"160614"
"153",1852,2936,"Lancaster",-118.1541632,34.6867846,"159523"
"154",89,1831,"Corona",-117.5664384,33.8752935,"159503"
"155",287,4807,"Eugene",-123.0867536,44.0520691,"159190"
"156",5,2551,"Palmdale",-118.1164613,34.5794343,"157161"
"157",1680,2900,"Salinas",-121.6555013,36.6777372,"155662"
"158",702,6613,"Springfield",-72.589811,42.1014831,"153703"
"159",2080,1237,"Pasadena",-95.2091006,29.6910625,"152735"
"160",360,5918,"Fort Collins",-105.084423,40.5852602,"152061"
"161",293,2531,"Hayward",-122.0807964,37.6688205,"151574"
"162",1781,1429,"Pomona",-117.7499909,34.055103,"151348"
"163",901,3441,"Cary",-78.7811169,35.79154,"151088"
"164",820,6569,"Rockford",-89.0939952,42.2711311,"150251"
"165",2006,4030,"Alexandria",-77.0469214,38.8048355,"148892"
"166",1078,1329,"Escondido",-117.086421,33.1192068,"148738"
"167",2468,3118,"McKinney",-96.6397822,33.1972465,"148559"
"168",1238,4686,"Kansas City",-94.6274636,39.114053,"148483"
"169",1147,6151,"Joliet",-88.0817251,41.525031,"147806"
"170",1178,2181,"Sunnyvale",-122.0363496,37.36883,"147559"
"171",845,1481,"Torrance",-118.3406288,33.8358492,"147478"
"172",825,5392,"Bridgeport",-73.1951767,41.1865478,"147216"
"173",34,5705,"Lakewood",-105.0813734,39.7047095,"147214"
"174",3425,113,"Hollywood",-80.1494901,26.0112014,"146526"
"175",823,5549,"Paterson",-74.171811,40.9167654,"145948"
"176",708,6633,"Naperville",-88.1535352,41.7508391,"144864"
"177",579,6651,"Syracuse",-76.1474244,43.0481221,"144669"
"178",2410,2135,"Mesquite",-96.5991593,32.7667955,"143484"
"179",551,5247,"Dayton",-84.1916069,39.7589478,"143355"
"180",990,1811,"Savannah",-81.0998342,32.0835407,"142772"
"181",1386,3802,"Clarksville",-87.3594528,36.5297706,"142357"
"182",1399,1004,"Orange",-117.8531119,33.7877944,"139969"
"183",167,1054,"Pasadena",-118.1445155,34.1477849,"139731"
"184",288,1225,"Fullerton",-117.9242966,33.8703596,"138981"
"185",2282,2167,"Killeen",-97.7277959,31.1171194,"137147"
"186",2468,3118,"Frisco",-96.8236116,33.1506744,"136791"
"187",2010,3538,"Hampton",-76.3452218,37.0298687,"136699"
"188",3367,667,"McAllen",-98.2300124,26.2034071,"136639"
"189",816,6168,"Warren",-83.0146526,42.5144566,"134873"
"190",339,4370,"Bellevue",-122.2006786,47.610377,"133992"
"191",614,5607,"West Valley City",-112.0010501,40.6916132,"133579"
"192",1604,1998,"Columbia",-81.0348144,34.0007104,"133358"
"193",1055,5079,"Olathe",-94.8191285,38.8813958,"131885"
"194",670,6768,"Sterling Heights",-83.0302033,42.5803122,"131224"
"195",782,5678,"New Haven",-72.9278835,41.308274,"130660"
"196",4339,146,"Miramar",-80.3035602,25.9860762,"130288"
"197",3331,2138,"Waco",-97.1466695,31.549333,"129030"
"198",911,1986,"Thousand Oaks",-118.8375937,34.1705609,"128731"
"199",783,6304,"Cedar Rapids",-91.6656232,41.9778795,"128429"
"200",1570,1736,"Charleston",-79.9310512,32.7764749,"127999"
"201",910,2386,"Visalia",-119.2920585,36.3302284,"127763"
"202",388,5020,"Topeka",-95.6890185,39.0558235,"127679"
"203",530,4870,"Elizabeth",-74.2107006,40.6639916,"127558"
"204",3334,1218,"Gainesville",-82.3248262,29.6516344,"127488"
"205",202,5444,"Thornton",-104.9719243,39.8680412,"127359"
"206",4127,2460,"Roseville",-121.2880059,38.7521235,"127035"
"207",2410,2135,"Carrollton",-96.8899636,32.9756415,"126700"
"208",3788,194,"Coral Springs",-80.2706044,26.271192,"126604"
"209",280,5443,"Stamford",-73.5387341,41.0534302,"126456"
"210",198,1696,"Simi Valley",-118.781482,34.2694474,"126181"
"211",130,2470,"Concord",-122.0310733,37.9779776,"125880"
"212",281,5839,"Hartford",-72.6850932,41.7637111,"125017"
"213",952,4531,"Kent",-122.2348431,47.3809335,"124435"
"214",2165,1421,"Lafayette",-92.0198427,30.2240897,"124276"
"215",2100,2271,"Midland",-102.0779146,31.9973456,"123933"
"216",790,1136,"Surprise",-112.3679279,33.6292337,"123546"
"217",2248,2570,"Denton",-97.1330683,33.2148412,"123099"
"218",1558,2761,"Victorville",-117.2927641,34.5362184,"121096"
"219",1225,3736,"Evansville",-87.5710898,37.9715592,"120310"
"220",848,2257,"Santa Clara",-121.9552356,37.3541079,"120245"
"221",2053,2558,"Abilene",-99.7331439,32.4487364,"120099"
"222",2058,2771,"Athens-Clarke County",-83.357567,33.9519347,"119980"
"223",223,3355,"Vallejo",-122.2566367,38.1040864,"118837"
"224",756,5800,"Allentown",-75.4901833,40.6084305,"118577"
"225",1610,3628,"Norman",-97.4394777,35.2225668,"118197"
"226",2970,1514,"Beaumont",-94.1265562,30.080174,"117796"
"227",1212,5126,"Independence",-94.4155068,39.0911161,"117240"
"228",1619,3918,"Murfreesboro",-86.39027,35.8456213,"117044"
"229",281,6335,"Ann Arbor",-83.7430378,42.2808256,"117025"
"230",1123,5484,"Springfield",-89.6501481,39.7817213,"117006"
"231",1220,2701,"Berkeley",-122.272747,37.8715926,"116768"
"232",886,5831,"Peoria",-89.5889864,40.6936488,"116513"
"233",897,5271,"Provo",-111.6585337,40.2338438,"116288"
"234",1942,1290,"El Monte",-118.0275667,34.0686206,"115708"
"235",1373,4745,"Columbia",-92.3340724,38.9517053,"115276"
"236",297,6711,"Lansing",-84.5555347,42.732535,"113972"
"237",578,8739,"Fargo",-96.7898034,46.8771863,"113658"
"238",588,849,"Downey",-118.1331593,33.9401088,"113242"
"239",564,1523,"Costa Mesa",-117.9186689,33.6411316,"112174"
"240",1918,2412,"Wilmington",-77.9447102,34.2257255,"112067"
"241",24,6045,"Arvada",-105.0874842,39.8027644,"111707"
"242",3145,1420,"Inglewood",-118.3531311,33.9616801,"111542"
"243",2941,140,"Miami Gardens",-80.2456045,25.9420377,"111378"
"244",420,2029,"Carlsbad",-117.3505939,33.1580933,"110972"
"245",202,5444,"Westminster",-105.0372046,39.8366528,"110945"
"246",770,7720,"Rochester",-92.4801989,44.0121221,"110742"
"247",1709,2484,"Odessa",-102.3676431,31.8456816,"110720"
"248",214,6729,"Manchester",-71.4547891,42.9956397,"110378"
"249",781,6694,"Elgin",-88.2825668,42.0354084,"110145"
"250",736,5670,"West Jordan",-111.9391031,40.6096698,"110077"
"251",2316,2011,"Round Rock",-97.678896,30.5082551,"109821"
"252",4328,464,"Clearwater",-82.8001026,27.9658533,"109703"
"253",465,6854,"Waterbury",-73.0514965,41.5581525,"109676"
"254",188,4641,"Gresham",-122.4302013,45.5001357,"109397"
"255",80,2492,"Fairfield",-122.0399663,38.2493581,"109320"
"256",537,6339,"Billings",-108.5006904,45.7832856,"109059"
"257",380,6632,"Lowell",-71.3161718,42.6334247,"108861"
"258",182,2034,"San Buenaventura (Ventura)",-119.2290316,34.274646,"108817"
"259",1114,5195,"Pueblo",-104.6091409,38.2544472,"108249"
"260",351,3258,"High Point",-80.0053176,35.9556923,"107741"
"261",1942,1290,"West Covina",-117.9389526,34.0686208,"107740"
"262",823,2545,"Richmond",-122.3477486,37.9357576,"107571"
"263",4209,1744,"Murrieta",-117.2139232,33.5539143,"107479"
"264",496,6013,"Cambridge",-71.1097335,42.3736158,"107289"
"265",2021,2478,"Antioch",-121.805789,38.0049214,"107100"
"266",454,1927,"Temecula",-117.1483648,33.4936391,"106780"
"267",288,1225,"Norwalk",-118.081733,33.9022367,"106589"
"268",561,6194,"Centennial",-104.8771726,39.5807452,"106114"
"269",460,4937,"Everett",-122.2020794,47.9789848,"105370"
"270",3565,577,"Palm Bay",-80.5886646,28.0344621,"104898"
"271",2037,2969,"Wichita Falls",-98.4933873,33.9137085,"104898"
"272",471,7955,"Green Bay",-88.019826,44.519159,"104779"
"273",190,3564,"Daly City",-122.4702079,37.6879241,"104739"
"274",2552,1569,"Burbank",-118.3089661,34.1808392,"104709"
"275",2410,2135,"Richardson",-96.7298519,32.9483335,"104475"
"276",3286,207,"Pompano Beach",-80.1247667,26.2378597,"104410"
"277",1744,1977,"North Charleston",-79.9748103,32.8546197,"104054"
"278",1794,3774,"Broken Arrow",-95.7974526,36.060949,"103500"
"279",317,5479,"Boulder",-105.2705456,40.0149856,"103166"
"280",4838,234,"West Palm Beach",-80.0533746,26.7153424,"102436"
"281",1408,2823,"Santa Maria",-120.4357191,34.9530337,"102216"
"282",912,1297,"El Cajon",-116.9625269,32.7947731,"102211"
"283",682,5879,"Davenport",-90.5776367,41.5236437,"102157"
"284",450,1420,"Rialto",-117.3703235,34.1064001,"101910"
"285",335,2816,"Las Cruces",-106.7636538,32.3199396,"101324"
"286",373,2653,"San Mateo",-122.3255254,37.5629917,"101128"
"287",2708,2557,"Lewisville",-96.994174,33.046233,"101074"
"288",543,6298,"South Bend",-86.2519898,41.6763545,"100886"
"289",4212,444,"Lakeland",-81.9498042,28.0394654,"100710"
"290",632,6148,"Erie",-80.085059,42.1292241,"100671"
"291",1880,2142,"Tyler",-95.3010624,32.3512601,"100223"
"292",1159,1289,"Pearland",-95.2860474,29.5635666,"100065"
"293",2755,1607,"College Station",-96.3344068,30.627977,"100050"
"294",297,6775,"Kenosha",-87.8211854,42.5847425,"99889"
"295",1758,2944,"Sandy Springs",-84.3733147,33.9304352,"99770"
"296",2124,2346,"Clovis",-119.7029194,36.8252277,"99769"
"297",428,6950,"Flint",-83.6874562,43.0125274,"99763"
"298",2062,4143,"Roanoke",-79.9414266,37.2709704,"98465"
"299",757,6680,"Albany",-73.7562317,42.6525793,"98424"
"300",625,1447,"Jurupa Valley",-117.4854802,33.9971974,"98030"
"301",1757,1132,"Compton",-118.2200712,33.8958492,"97877"
"302",2932,2504,"San Angelo",-100.4370375,31.4637723,"97492"
"303",699,4102,"Hillsboro",-122.989827,45.5228939,"97368"
"304",2170,3151,"Lawton",-98.3959291,34.6035669,"97151"
"305",218,4533,"Renton",-122.2170661,47.4828776,"97003"
"306",3219,1522,"Vista",-117.2425355,33.2000368,"96929"
"307",3068,194,"Davie",-80.2521157,26.0764783,"96830"
"308",1219,5431,"Greeley",-104.7091322,40.4233142,"96539"
"309",928,1488,"Mission Viejo",-117.6719953,33.6000232,"96346"
"310",1549,3376,"Portsmouth",-76.2982742,36.8354258,"96205"
"311",239,6215,"Dearborn",-83.1763145,42.3222599,"95884"
"312",1247,1083,"South Gate",-118.2120161,33.954737,"95677"
"313",1456,2338,"Tuscaloosa",-87.5691735,33.2098407,"95334"
"314",239,6215,"Livonia",-83.3527097,42.36837,"95208"
"315",729,5606,"New Bedford",-70.934205,41.6362152,"95078"
"316",1296,2590,"Vacaville",-121.9877444,38.3565773,"94275"
"317",305,6305,"Brockton",-71.0183787,42.0834335,"94089"
"318",1593,3644,"Roswell",-84.3615555,34.0232431,"94034"
"319",225,4447,"Beaverton",-122.8037102,45.487062,"93542"
"320",535,5857,"Quincy",-71.0022705,42.2528772,"93494"
"321",269,5150,"Sparks",-119.7526886,39.5349112,"93282"
"322",308,5244,"Yakima",-120.5058987,46.6020711,"93257"
"323",1272,5086,"Lee's Summit",-94.3821724,38.9108408,"93184"
"324",767,4386,"Federal Way",-122.3126222,47.3223221,"92734"
"325",845,1481,"Carson",-118.281693,33.8316745,"92599"
"326",636,1548,"Santa Monica",-118.4911912,34.0194543,"92472"
"327",1558,2761,"Hesperia",-117.3008784,34.4263886,"92147"
"328",2354,2641,"Allen",-96.6705503,33.1031744,"92020"
"329",280,4872,"Rio Rancho",-106.6630437,35.2327544,"91956"
"330",997,678,"Yuma",-114.6276916,32.6926512,"91923"
"331",1399,1004,"Westminster",-117.9939921,33.7513419,"91739"
"332",1016,5404,"Orem",-111.6946475,40.2968979,"91648"
"333",558,6544,"Lynn",-70.9494938,42.466763,"91589"
"334",83,2818,"Redding",-122.3916754,40.5865396,"91119"
"335",407,6294,"Spokane Valley",-117.2393748,47.6732281,"91113"
"336",4249,145,"Miami Beach",-80.1300455,25.790654,"91026"
"337",2761,1400,"League City",-95.0949303,29.5074538,"90983"
"338",1411,5239,"Lawrence",-95.2352501,38.9716689,"90811"
"339",18,1614,"Santa Barbara",-119.6981901,34.4208305,"90412"
"340",3068,194,"Plantation",-80.2331036,26.1275862,"90268"
"341",736,5670,"Sandy",-111.8389726,40.5649781,"90231"
"342",3068,194,"Sunrise",-80.256595,26.1669711,"90116"
"343",2562,2323,"Macon",-83.6324022,32.8406946,"89981"
"344",1277,6578,"Longmont",-105.1019275,40.1672068,"89919"
"345",4162,175,"Boca Raton",-80.1289321,26.3683064,"89407"
"346",1078,1329,"San Marcos",-117.1661449,33.1433723,"89387"
"347",84,3047,"Greenville",-77.3663538,35.612661,"89130"
"348",850,6708,"Waukegan",-87.8447938,42.3636331,"88826"
"349",453,5475,"Fall River",-71.1550451,41.7014912,"88697"
"350",1485,2779,"Chico",-121.8374777,39.7284944,"88077"
"351",496,6013,"Newton",-71.2092214,42.3370413,"87971"
"352",691,2873,"San Leandro",-122.1560768,37.7249296,"87965"
"353",512,5390,"Reading",-75.9268747,40.3356483,"87893"
"354",280,5443,"Norwalk",-73.4081575,41.117744,"87776"
"355",2098,3244,"Fort Smith",-94.3985475,35.3859242,"87650"
"356",564,1523,"Newport Beach",-117.9289469,33.6189101,"87273"
"357",1882,4086,"Asheville",-82.5514869,35.5950581,"87236"
"358",360,6657,"Nashua",-71.467566,42.7653662,"87137"
"359",1926,3893,"Edmond",-97.4780954,35.6528323,"87004"
"360",588,849,"Whittier",-118.032844,33.9791793,"86635"
"361",240,5668,"Nampa",-116.5634624,43.5407172,"86518"
"362",294,7581,"Bloomington",-93.2982799,44.840798,"86319"
"363",3488,624,"Deltona",-81.2636738,28.9005446,"86290"
"364",1757,1132,"Hawthorne",-118.3525748,33.9164032,"86199"
"365",550,9491,"Duluth",-92.1004852,46.7866719,"86128"
"366",630,5793,"Carmel",-86.1180435,39.978371,"85927"
"367",1093,3432,"Suffolk",-76.5835621,36.7282054,"85728"
"368",823,5549,"Clifton",-74.1637553,40.8584328,"85390"
"369",4127,2460,"Citrus Heights",-121.2810611,38.7071247,"85285"
"370",386,2562,"Livermore",-121.7680088,37.6818745,"85156"
"371",490,2280,"Tracy",-121.4252227,37.7396513,"84691"
"372",1942,1290,"Alhambra",-118.1270146,34.095287,"84577"
"373",175,4586,"Kirkland",-122.2087353,47.6814875,"84430"
"374",494,5159,"Trenton",-74.7429384,40.2170534,"84349"
"375",1139,5743,"Ogden",-111.9738304,41.223,"84249"
"376",1522,2770,"Hoover",-86.8113781,33.4053867,"84126"
"377",1034,5989,"Cicero",-87.7539448,41.8455877,"84103"
"378",630,5793,"Fishers",-86.01335,39.9567548,"83891"
"379",3452,1187,"Sugar Land",-95.6349463,29.6196787,"83860"
"380",603,5832,"Danbury",-73.4540111,41.394817,"83684"
"381",383,5513,"Meridian",-116.3915131,43.6121087,"83596"
"382",1734,704,"Indio",-116.2155619,33.7205771,"83539"
"383",1766,3383,"Concord",-80.579511,35.4087517,"83506"
"384",454,1927,"Menifee",-117.185294,33.6971468,"83447"
"385",1073,5869,"Champaign",-88.2433829,40.1164204,"83424"
"386",288,1225,"Buena Park",-117.9981181,33.8675143,"82882"
"387",286,6937,"Troy",-83.1497751,42.6064095,"82821"
"388",1678,4983,"O'Fallon",-90.6998477,38.8106075,"82809"
"389",1593,3644,"Johns Creek",-84.198579,34.0289259,"82788"
"390",177,4902,"Bellingham",-122.4781473,48.74908,"82631"
"391",803,6136,"Westland",-83.400211,42.324204,"82578"
"392",912,5285,"Bloomington",-86.5263857,39.165325,"82575"
"393",1010,6863,"Sioux City",-96.4003069,42.4999942,"82459"
"394",780,5618,"Warwick",-71.4161671,41.7001009,"81971"
"395",7,1950,"Hemet",-116.9719684,33.7475203,"81750"
"396",2841,2325,"Longview",-94.7404891,32.5007037,"81443"
"397",286,6937,"Farmington Hills",-83.3677168,42.4989936,"81295"
"398",251,6899,"Bend",-121.3153096,44.0581728,"81236"
"399",1700,1217,"Lakewood",-118.1339563,33.8536269,"81121"
"400",1624,2572,"Merced",-120.4829677,37.3021632,"81102"
"401",2167,672,"Mission",-98.3252932,26.2159066,"81050"
"402",89,1831,"Chino",-117.688944,34.0122346,"80988"
"403",2220,2536,"Redwood City",-122.2363548,37.4852152,"80872"
"404",3367,667,"Edinburg",-98.1633432,26.3017374,"80836"
"405",780,5618,"Cranston",-71.4372796,41.7798226,"80566"
"406",824,5761,"Parma",-81.7229086,41.4047742,"80429"
"407",424,5310,"New Rochelle",-73.7823549,40.9114882,"79446"
"408",928,1488,"Lake Forest",-117.689218,33.6469661,"79312"
"409",2004,2511,"Napa",-122.286865,38.2975381,"79068"
"410",1079,6326,"Hammond",-87.5000412,41.5833688,"78967"
"411",989,4013,"Fayetteville",-94.1574263,36.0625795,"78960"
"412",1402,5948,"Bloomington",-88.9936873,40.4842027,"78902"
"413",1923,1284,"Avondale",-112.3496021,33.4355977,"78822"
"414",492,5681,"Somerville",-71.0994968,42.3875968,"78804"
"415",2823,1024,"Palm Coast",-81.2078699,29.5844524,"78740"
"416",2755,1607,"Bryan",-96.3699632,30.6743643,"78709"
"417",864,6299,"Gary",-87.3464271,41.5933696,"78450"
"418",4328,464,"Largo",-82.7873244,27.9094665,"78409"
"419",692,7722,"Brooklyn Park",-93.3563405,45.0941315,"78373"
"420",1399,1004,"Tustin",-117.826166,33.7458511,"78327"
"421",260,6906,"Racine",-87.7828523,42.7261309,"78199"
"422",4162,175,"Deerfield Beach",-80.0997657,26.3184123,"78041"
"423",965,4621,"Lynchburg",-79.1422464,37.4137536,"78014"
"424",1178,2181,"Mountain View",-122.0838511,37.3860517,"77846"
"425",316,4891,"Medford",-122.8755949,42.3265152,"77677"
"426",266,6085,"Lawrence",-71.1631137,42.7070354,"77657"
"427",1700,1217,"Bellflower",-118.1170117,33.8816818,"77593"
"428",3565,577,"Melbourne",-80.6081089,28.0836269,"77508"
"429",1389,5458,"St. Joseph",-94.846681,39.7674578,"77147"
"430",2375,4147,"Camden",-75.1196199,39.9259463,"76903"
"431",540,2986,"St. George",-113.5684164,37.0965278,"76817"
"432",775,4695,"Kennewick",-119.1372338,46.2112458,"76762"
"433",1942,1290,"Baldwin Park",-117.9608978,34.0852868,"76635"
"434",89,1831,"Chino Hills",-117.7325848,33.9898188,"76572"
"435",429,2363,"Alameda",-122.2416355,37.7652065,"76419"
"436",3688,2014,"Albany",-84.155741,31.5785074,"76185"
"437",592,6410,"Arlington Heights",-87.9806265,42.0883603,"75994"
"438",545,6255,"Scranton",-75.6624122,41.408969,"75806"
"439",231,6161,"Evanston",-87.6876969,42.0450722,"75570"
"440",675,6414,"Kalamazoo",-85.5872286,42.2917069,"75548"
"441",3170,1399,"Baytown",-94.9774274,29.7355047,"75418"
"442",3687,1537,"Upland",-117.6483876,34.09751,"75413"
"443",989,4013,"Springdale",-94.1288141,36.1867442,"75229"
"444",756,5800,"Bethlehem",-75.3704579,40.6259316,"75018"
"445",649,6921,"Schaumburg",-88.0834059,42.0333607,"74907"
"446",1612,2018,"Mount Pleasant",-79.8284258,32.8323225,"74885"
"447",952,4531,"Auburn",-122.2284532,47.3073228,"74860"
"448",1041,5284,"Decatur",-88.9548001,39.8403147,"74710"
"449",1559,3242,"San Ramon",-121.9780153,37.7799273,"74513"
"450",1468,2781,"Pleasanton",-121.8746789,37.6624312,"74110"
"451",698,6485,"Wyoming",-85.7053085,42.9133602,"74100"
"452",1248,1491,"Lake Charles",-93.2173758,30.2265949,"74024"
"453",498,7755,"Plymouth",-93.4555093,45.0105194,"73987"
"454",1128,6220,"Bolingbrook",-88.0683955,41.6986416,"73936"
"455",3367,667,"Pharr",-98.1836216,26.1947962,"73790"
"456",260,7629,"Appleton",-88.4153847,44.2619309,"73596"
"457",721,3305,"Gastonia",-81.1873005,35.262082,"73209"
"458",4127,2460,"Folsom",-121.1760583,38.6779591,"73098"
"459",239,6215,"Southfield",-83.2218731,42.4733688,"73006"
"460",286,6937,"Rochester Hills",-83.1499322,42.6583661,"72952"
"461",495,5644,"New Britain",-72.7795419,41.6612104,"72939"
"462",1923,1284,"Goodyear",-112.3576567,33.4353394,"72864"
"463",398,6150,"Canton",-81.378447,40.7989473,"72535"
"464",1691,2378,"Warner Robins",-83.624201,32.6130007,"72531"
"465",1360,2382,"Union City",-122.0438298,37.5933918,"72528"
"466",454,1927,"Perris",-117.2286478,33.7825194,"72326"
"467",498,2645,"Manteca",-121.2160526,37.7974273,"71948"
"468",1174,6379,"Iowa City",-91.5301683,41.6611277,"71591"
"469",1521,3846,"Jonesboro",-90.704279,35.8422967,"71551"
"470",1223,4935,"Wilmington",-75.5397878,39.7390721,"71525"
"471",1757,1132,"Lynwood",-118.2114603,33.930293,"71371"
"472",38,6608,"Loveland",-105.0749801,40.3977612,"71334"
"473",780,5618,"Pawtucket",-71.3825558,41.878711,"71172"
"474",2873,211,"Boynton Beach",-80.0905465,26.5317866,"71097"
"475",574,7362,"Waukesha",-88.2314813,43.0116784,"71016"
"476",1801,1563,"Gulfport",-89.0928155,30.3674198,"71012"
"477",1558,2761,"Apple Valley",-117.1858759,34.5008311,"70924"
"478",1113,4981,"Passaic",-74.1284764,40.8567662,"70868"
"479",517,6860,"Rapid City",-103.2310149,44.0805434,"70812"
"480",272,5744,"Layton",-111.9710529,41.0602216,"70790"
"481",568,5672,"Lafayette",-86.8752869,40.4167022,"70373"
"482",137,2375,"Turlock",-120.8465941,37.4946568,"70365"
"483",956,5784,"Muncie",-85.3863599,40.1933767,"70316"
"484",2732,2142,"Temple",-97.342782,31.0982344,"70190"
"485",3452,1187,"Missouri City",-95.5377215,29.6185669,"70185"
"486",1450,1692,"Redlands",-117.1825381,34.0555693,"69999"
"487",464,5870,"Santa Fe",-105.937799,35.6869752,"69976"
"488",3068,194,"Lauderhill",-80.2133808,26.1403635,"69813"
"489",848,2257,"Milpitas",-121.8995741,37.4323341,"69783"
"490",890,6929,"Palatine",-88.03424,42.1103041,"69350"
"491",86,7349,"Missoula",-113.996586,46.8787176,"69122"
"492",1896,2815,"Rock Hill",-81.0250784,34.9248667,"69103"
"493",1989,2560,"Jacksonville",-77.4302414,34.7540524,"69079"
"494",1647,3798,"Franklin",-86.8688899,35.9250637,"68886"
"495",594,6943,"Flagstaff",-111.651302,35.1982836,"68667"
"496",2708,2557,"Flower Mound",-97.0969552,33.0145673,"68609"
"497",4339,146,"Weston",-80.3997748,26.1003654,"68388"
"498",799,7028,"Waterloo",-92.3425775,42.492786,"68366"
"499",640,5217,"Union City",-74.2631635,40.6975898,"68247"
"500",424,5310,"Mount Vernon",-73.8370786,40.9125992,"68224"
"501",3273,286,"Fort Myers",-81.8723084,26.640628,"68190"
"502",2145,1905,"Dothan",-85.3904888,31.2232313,"68001"
"503",469,2301,"Rancho Cordova",-121.302728,38.5890723,"67911"
"504",845,1481,"Redondo Beach",-118.3884078,33.8491816,"67815"
"505",1628,3594,"Jackson",-88.8139469,35.6145169,"67685"
"506",775,4695,"Pasco",-119.1005657,46.2395793,"67599"
"507",1022,4993,"St. Charles",-90.4974359,38.7881062,"67569"
"508",442,7959,"Eau Claire",-91.4984941,44.811349,"67545"
"509",2436,2338,"North Richland Hills",-97.2289029,32.8342952,"67317"
"510",104,8559,"Bismarck",-100.7837392,46.8083268,"67034"
"511",1625,880,"Yorba Linda",-117.8131125,33.8886259,"67032"
"512",3144,1281,"Kenner",-90.2417434,29.9940924,"66975"
"513",155,2203,"Walnut Creek",-122.0651819,37.9100783,"66900"
"514",859,4407,"Frederick",-77.4105409,39.4142688,"66893"
"515",362,7412,"Oshkosh",-88.5426136,44.0247062,"66778"
"516",2021,2478,"Pittsburg",-121.8846806,38.0279762,"66695"
"517",781,2732,"Palo Alto",-122.1430195,37.4418834,"66642"
"518",2442,2264,"Bossier City",-93.7321228,32.5159852,"66333"
"519",539,7106,"Portland",-70.2553259,43.661471,"66318"
"520",525,8531,"St. Cloud",-94.1632404,45.5579451,"66297"
"521",918,2611,"Davis",-121.7405167,38.5449065,"66205"
"522",373,2653,"South San Francisco",-122.4077498,37.654656,"66174"
"523",911,1986,"Camarillo",-119.0376023,34.2163937,"66086"
"524",2388,3053,"North Little Rock",-92.2670941,34.769536,"66075"
"525",757,6680,"Schenectady",-73.9395687,42.8142432,"65902"
"526",1147,4602,"Gaithersburg",-77.2013705,39.1434406,"65690"
"527",2352,684,"Harlingen",-97.6961026,26.1906306,"65665"
"528",637,7662,"Woodbury",-92.9593797,44.9238552,"65656"
"529",294,7581,"Eagan",-93.1668858,44.8041322,"65453"
"530",1709,2243,"Yuba City",-121.6169108,39.1404477,"65416"
"531",692,7722,"Maple Grove",-93.4557877,45.0724642,"65415"
"532",545,5651,"Youngstown",-80.6495194,41.0997803,"65184"
"533",231,6161,"Skokie",-87.7416246,42.0324025,"65176"
"534",2362,652,"Kissimmee",-81.407571,28.2919557,"65173"
"535",1529,4387,"Johnson City",-82.3534727,36.3134397,"65123"
"536",2368,1306,"Victoria",-97.0035982,28.8052674,"65098"
"537",4649,1502,"San Clemente",-117.6119925,33.4269728,"65040"
"538",530,4870,"Bayonne",-74.1143091,40.6687141,"65028"
"539",4649,1502,"Laguna Niguel",-117.7075526,33.5225261,"64652"
"540",920,5610,"East Orange",-74.2048677,40.767323,"64544"
"541",1238,4686,"Shawnee",-94.7151865,39.0228485,"64323"
"542",2635,207,"Homestead",-80.4775569,25.4687224,"64079"
"543",1147,4602,"Rockville",-77.1527578,39.0839973,"64072"
"544",2873,211,"Delray Beach",-80.0728201,26.4614625,"64072"
"545",1086,7038,"Janesville",-89.0187222,42.6827885,"63820"
"546",1892,3472,"Conway",-92.4421011,35.0886963,"63816"
"547",588,849,"Pico Rivera",-118.096735,33.9830688,"63771"
"548",701,6093,"Lorain",-82.1823746,41.452819,"63710"
"549",588,849,"Montebello",-118.1137535,34.0165053,"63495"
"550",136,2490,"Lodi",-121.2722194,38.1341477,"63338"
"551",2579,1817,"New Braunfels",-98.1244531,29.7030024,"63279"
"552",460,4937,"Marysville",-122.1770818,48.0517637,"63269"
"553",3788,194,"Tamarac",-80.2497707,26.2128609,"63155"
"554",1747,2666,"Madera",-120.0607176,36.9613356,"63105"
"555",2522,1666,"Conroe",-95.4560512,30.3118769,"63032"
"556",1742,2417,"Santa Cruz",-122.0307963,36.9741171,"62864"
"557",729,7614,"Eden Prairie",-93.470786,44.8546856,"62603"
"558",520,7111,"Cheyenne",-104.8202462,41.1399814,"62448"
"559",4750,809,"Daytona Beach",-81.0228331,29.2108147,"62316"
"560",1593,3644,"Alpharetta",-84.2940899,34.0753762,"62298"
"561",962,5243,"Hamilton",-84.5613355,39.3995008,"62258"
"562",641,6140,"Waltham",-71.2356113,42.3764852,"62227"
"563",692,7722,"Coon Rapids",-93.3030063,45.1732394,"62103"
"564",511,6719,"Haverhill",-71.0772796,42.7762015,"62088"
"565",691,6167,"Council Bluffs",-95.8608333,41.2619444,"61969"
"566",803,6136,"Taylor",-83.2696509,42.240872,"61817"
"567",413,7317,"Utica",-75.232664,43.100903,"61808"
"568",752,6831,"Ames",-93.62,42.034722,"61792"
"569",288,1225,"La Habra",-117.9461734,33.9319578,"61653"
"570",1336,1666,"Encinitas",-117.2919818,33.0369867,"61588"
"571",1493,4047,"Bowling Green",-86.4808043,36.9685219,"61488"
"572",294,7581,"Burnsville",-93.2777226,44.7677424,"61434"
"573",1526,3287,"Greenville",-82.3940104,34.8526176,"61397"
"574",742,6203,"West Des Moines",-93.711332,41.5772115,"61255"
"575",2945,1540,"Cedar Park",-97.8202888,30.505198,"61238"
"576",910,2386,"Tulare",-119.3473379,36.2077288,"61170"
"577",588,849,"Monterey Park",-118.1228476,34.0625106,"61085"
"578",782,4795,"Vineland",-75.0259637,39.4863773,"61050"
"579",1555,5182,"Terre Haute",-87.4139092,39.4667034,"61025"
"580",2941,140,"North Miami",-80.1867138,25.8900949,"61007"
"581",2618,2231,"Mansfield",-97.1416768,32.5631924,"60872"
"582",459,6689,"West Allis",-88.0070315,43.0166806,"60697"
"583",583,6318,"Bristol",-72.9492703,41.6717648,"60568"
"584",146,4967,"Taylorsville",-111.9388258,40.6677248,"60519"
"585",492,5681,"Malden",-71.066163,42.4250964,"60509"
"586",661,5991,"Meriden",-72.8070435,41.5381535,"60456"
"587",692,7722,"Blaine",-93.2349489,45.1607987,"60407"
"588",4838,234,"Wellington",-80.2683571,26.6617635,"60202"
"589",1178,2181,"Cupertino",-122.0321823,37.3229978,"60189"
"590",287,4807,"Springfield",-123.0220289,44.0462362,"60177"
"591",1757,4336,"Rogers",-94.1185366,36.3320196,"60112"
"592",491,6694,"St. Clair Shores",-82.8963604,42.4974085,"60070"
"593",1757,1132,"Gardena",-118.3089624,33.8883487,"59957"
"594",286,6937,"Pontiac",-83.2910468,42.6389216,"59887"
"595",213,1265,"National City",-117.0991967,32.6781085,"59834"
"596",862,5293,"Grand Junction",-108.5506486,39.0638705,"59778"
"597",4127,2460,"Rocklin",-121.2357828,38.7907339,"59738"
"598",452,3631,"Chapel Hill",-79.0558445,35.9131996,"59635"
"599",670,7581,"Casper",-106.313081,42.866632,"59628"
"600",202,5444,"Broomfield",-105.0866504,39.9205411,"59471"
"601",4343,2825,"Petaluma",-122.6366524,38.232417,"59440"
"602",759,4942,"South Jordan",-111.929658,40.5621704,"59366"
"603",1155,5909,"Springfield",-83.8088171,39.9242266,"59357"
"604",80,7726,"Great Falls",-111.2833449,47.4941836,"59351"
"605",214,5343,"Lancaster",-76.3055144,40.0378755,"59325"
"606",2488,488,"North Port",-82.2359254,27.044224,"59212"
"607",130,4825,"Lakewood",-122.518458,47.1717649,"59097"
"608",950,3318,"Marietta",-84.5499327,33.952602,"59089"
"609",40,2714,"San Rafael",-122.5310874,37.9735346,"58994"
"610",816,6168,"Royal Oak",-83.1446485,42.4894801,"58946"
"611",842,6339,"Des Plaines",-87.8833991,42.0333623,"58918"
"612",1247,1083,"Huntington Park",-118.2250725,33.9816812,"58879"
"613",413,1085,"La Mesa",-117.0230839,32.7678287,"58642"
"614",1034,5989,"Orland Park",-87.8539425,41.6303103,"58590"
"615",5748,2455,"Auburn",-85.4807825,32.6098566,"58582"
"616",559,7631,"Lakeville",-93.24272,44.6496868,"58562"
"617",1415,3874,"Owensboro",-87.1111676,37.7719074,"58416"
"618",1851,3365,"Moore",-97.4867028,35.3395079,"58414"
"619",4838,234,"Jupiter",-80.0942087,26.9342246,"58298"
"620",200,7335,"Idaho Falls",-112.0339645,43.4916514,"58292"
"621",937,6782,"Dubuque",-90.6645718,42.5005583,"58253"
"622",1512,3413,"Bartlett",-89.8739753,35.2045328,"58226"
"623",4289,2416,"Rowlett",-96.56388,32.9029017,"58043"
"624",595,7003,"Novi",-83.4754913,42.48059,"57960"
"625",680,5814,"White Plains",-73.7629097,41.0339862,"57866"
"626",1942,1290,"Arcadia",-118.0353449,34.1397292,"57639"
"627",175,4586,"Redmond",-122.121512,47.6739881,"57530"
"628",4209,1744,"Lake Elsinore",-117.3272615,33.6680772,"57525"
"629",4168,809,"Ocala",-82.1400923,29.1871986,"57468"
"630",1079,6326,"Tinley Park",-87.7932939,41.5731442,"57282"
"631",4750,809,"Port Orange",-80.9956105,29.1383165,"57203"
"632",492,5681,"Medford",-71.1061639,42.4184296,"57170"
"633",1034,5989,"Oak Lawn",-87.7479528,41.719978,"57073"
"634",1568,3441,"Rocky Mount",-77.7905339,35.9382103,"56954"
"635",805,6231,"Kokomo",-86.1336033,40.486427,"56895"
"636",3286,207,"Coconut Creek",-80.1789351,26.2517482,"56792"
"637",407,4876,"Bowie",-76.7791365,39.0067768,"56759"
"638",1034,5989,"Berwyn",-87.7936685,41.8505874,"56758"
"639",1851,3365,"Midwest City",-97.3967019,35.4495065,"56756"
"640",877,1251,"Fountain Valley",-117.9536697,33.7091847,"56707"
"641",1732,1359,"Buckeye",-112.5837766,33.3703197,"56683"
"642",239,6215,"Dearborn Heights",-83.2732627,42.3369816,"56620"
"643",2042,2353,"Woodland",-121.7732971,38.6785157,"56590"
"644",630,5793,"Noblesville",-86.0085955,40.0455917,"56540"
"645",2135,1850,"Valdosta",-83.2784851,30.8327022,"56481"
"646",1781,1429,"Diamond Bar",-117.8103367,34.0286226,"56449"
"647",1152,5156,"Manhattan",-96.5716694,39.1836082,"56143"
"648",912,1297,"Santee",-116.9739167,32.8383828,"56105"
"649",437,5915,"Taunton",-71.0897674,41.900101,"56069"
"650",3488,624,"Sanford",-81.269453,28.8028612,"56002"
"651",551,5247,"Kettering",-84.1688274,39.6895036,"55870"
"652",1116,5272,"New Brunswick",-74.4518188,40.4862157,"55831"
"653",1747,3225,"Decatur",-86.9833417,34.6059253,"55816"
"654",702,6613,"Chicopee",-72.6078672,42.1487043,"55717"
"655",1126,5704,"Anderson",-85.6802541,40.1053196,"55670"
"656",3754,171,"Margate",-80.206436,26.2445263,"55456"
"657",535,5857,"Weymouth Town",-70.9410356,42.2180724,"55419"
"658",446,4859,"Hempstead",-73.6187397,40.7062128,"55361"
"659",22,4772,"Corvallis",-123.2620435,44.5645659,"55298"
"660",89,1831,"Eastvale",-117.5848025,33.952463,"55191"
"661",788,2041,"Porterville",-119.0167679,36.06523,"55174"
"662",782,5678,"West Haven",-72.9469711,41.2705484,"55046"
"663",2021,2478,"Brentwood",-121.6957863,37.931868,"55000"
"664",1700,1217,"Paramount",-118.1597911,33.8894598,"54980"
"665",590,9222,"Grand Forks",-97.0328547,47.9252568,"54932"
"666",2316,2011,"Georgetown",-97.6779842,30.6332618,"54898"
"667",1678,4983,"St. Peters",-90.6298922,38.7874699,"54842"
"668",175,4586,"Shoreline",-122.3415178,47.7556531,"54790"
"669",592,6410,"Mount Prospect",-87.9372908,42.0664167,"54771"
"670",4532,2586,"Hanford",-119.6456844,36.3274502,"54686"
"671",937,6193,"Normal",-88.9906312,40.5142026,"54664"
"672",1942,1290,"Rosemead",-118.072846,34.0805651,"54561"
"673",299,6408,"Lehi",-111.8507662,40.3916172,"54382"
"674",232,6684,"Pocatello",-112.4455344,42.8713032,"54350"
"675",450,1420,"Highland",-117.2086513,34.1283442,"54291"
"676",19,2803,"Novato",-122.5697032,38.1074198,"54194"
"677",4027,1402,"Port Arthur",-93.939947,29.8849504,"54135"
"678",575,5579,"Carson City",-119.7674034,39.1637984,"54080"
"679",2879,1637,"San Marcos",-97.9413941,29.8832749,"54076"
"680",1048,3922,"Hendersonville",-86.6199957,36.3047735,"54068"
"681",888,5579,"Elyria",-82.1076486,41.3683798,"53956"
"682",492,5681,"Revere",-71.0119948,42.4084302,"53756"
"683",2945,1540,"Pflugerville",-97.6200043,30.4393696,"53752"
"684",754,5690,"Greenwood",-86.1066526,39.6136578,"53665"
"685",691,6167,"Bellevue",-95.9145568,41.1543623,"53663"
"686",708,6633,"Wheaton",-88.1070127,41.8661403,"53648"
"687",927,2880,"Smyrna",-84.5143761,33.8839926,"53438"
"688",3553,476,"Sarasota",-82.5306527,27.3364347,"53326"
"689",1212,5126,"Blue Springs",-94.2816148,39.0169509,"53294"
"690",450,1420,"Colton",-117.3136547,34.0739016,"53243"
"691",2419,2486,"Euless",-97.0819541,32.8370727,"53224"
"692",250,6188,"Castle Rock",-104.8560902,39.3722121,"53063"
"693",4142,874,"Cathedral City",-116.4668036,33.7805388,"52977"
"694",997,4086,"Kingsport",-82.5618186,36.548434,"52962"
"695",1060,1135,"Lake Havasu City",-114.3224548,34.483901,"52844"
"696",2858,1537,"Pensacola",-87.2169149,30.421309,"52703"
"697",1105,4750,"Hoboken",-74.0323626,40.7439905,"52575"
"698",333,2108,"Yucaipa",-117.0430865,34.033625,"52536"
"699",835,2918,"Watsonville",-121.7568946,36.910231,"52477"
"700",147,5029,"Richland",-119.2844621,46.2856907,"52413"
"701",321,2335,"Delano",-119.2470536,35.7688425,"52403"
"702",649,6921,"Hoffman Estates",-88.1227199,42.0629915,"52398"
"703",1422,4535,"Florissant",-90.322614,38.789217,"52363"
"704",1625,880,"Placentia",-117.8703363,33.8722371,"52206"
"705",1105,4750,"West New York",-74.0143064,40.7878788,"52122"
"706",1468,2781,"Dublin",-121.9357918,37.7021521,"52105"
"707",1034,5989,"Oak Park",-87.7845025,41.8850317,"52066"
"708",558,6544,"Peabody",-70.9286609,42.5278731,"52044"
"709",1116,5272,"Perth Amboy",-74.2654234,40.5067723,"51982"
"710",1045,6689,"Battle Creek",-85.1797142,42.3211522,"51848"
"711",3481,494,"Bradenton",-82.5748194,27.4989278,"51763"
"712",1811,2343,"Gilroy",-121.5682751,37.0057816,"51701"
"713",825,5392,"Milford",-73.064036,41.2306979,"51644"
"714",22,4772,"Albany",-123.1059282,44.6365107,"51583"
"715",633,6587,"Ankeny",-93.6001278,41.7317884,"51567"
"716",752,7194,"La Crosse",-91.2395807,43.8013556,"51522"
"717",691,3505,"Burlington",-79.4377991,36.0956918,"51510"
"718",1561,2247,"DeSoto",-96.8570738,32.5896998,"51483"
"719",1217,5461,"Harrisonburg",-78.8689155,38.4495688,"51395"
"720",729,7614,"Minnetonka",-93.4687489,44.9211836,"51368"
"721",699,6189,"Elkhart",-85.9766671,41.6819935,"51265"
"722",824,5761,"Lakewood",-81.7981908,41.4819932,"51143"
"723",1781,1429,"Glendora",-117.865339,34.1361187,"51074"
"724",2274,2965,"Southaven",-90.0125913,34.9889818,"50997"
"725",2542,4480,"Charleston",-81.6326234,38.3498195,"50821"
"726",1403,4073,"Joplin",-94.513281,37.0842271,"50789"
"727",1712,4106,"Enid",-97.8783911,36.3955891,"50725"
"728",4838,234,"Palm Beach Gardens",-80.1386547,26.8233946,"50699"
"729",1758,2944,"Brookhaven",-84.3365917,33.8651033,"50603"
"730",1051,5060,"Plainfield",-74.4073736,40.6337136,"50588"
"731",912,6198,"Grand Island",-98.3420118,40.9263957,"50550"
"732",1734,704,"Palm Desert",-116.3744556,33.7222445,"50508"
"733",2169,3390,"Huntersville",-80.8428504,35.410694,"50458"
"734",225,4447,"Tigard",-122.7714861,45.4312294,"50444"
"735",1055,5079,"Lenexa",-94.7335709,38.9536174,"50344"
"736",197,6968,"Saginaw",-83.9508068,43.4194699,"50303"
"737",698,6485,"Kentwood",-85.6447492,42.8694731,"50233"
"738",3611,128,"Doral",-80.3553302,25.8195424,"50213"
"739",559,7631,"Apple Valley",-93.21772,44.7319094,"50201"
"740",2708,2557,"Grapevine",-97.0780654,32.9342919,"50195"
"741",4649,1502,"Aliso Viejo",-117.7256083,33.5676842,"50175"
"742",830,5096,"Sammamish",-122.0355736,47.6162683,"50169"
"743",2035,1311,"Casa Grande",-111.7573521,32.8795022,"50111"
"744",4328,464,"Pinellas Park",-82.6995443,27.8428025,"49998"
"745",746,6463,"Troy",-73.6917851,42.7284117,"49974"
"746",1208,2618,"West Sacramento",-121.530234,38.5804609,"49891"
"747",106,4696,"Burien",-122.3467918,47.4703767,"49858"
"748",318,6068,"Commerce City",-104.9338675,39.8083196,"49799"
"749",2246,2504,"Monroe",-92.1193012,32.5093109,"49761"
"750",288,1225,"Cerritos",-118.0647871,33.8583483,"49707"
"751",708,6633,"Downers Grove",-88.0111746,41.8089191,"49670"
"752",3662,105,"Coral Gables",-80.2683838,25.72149,"49631"
"753",1892,3166,"Wilson",-77.9155395,35.7212689,"49628"
"754",1160,6819,"Niagara Falls",-79.0377388,43.0962143,"49468"
"755",1312,2263,"Poway",-117.0358646,32.9628232,"49417"
"756",294,7581,"Edina",-93.3499489,44.8896866,"49376"
"757",364,5670,"Cuyahoga Falls",-81.4845585,41.1339449,"49267"
"758",928,1488,"Rancho Santa Margarita",-117.603104,33.640855,"49228"
"759",857,5599,"Harrisburg",-76.8867008,40.2731911,"49188"
"760",1025,4499,"Huntington",-82.445154,38.4192496,"49177"
"761",288,1225,"La Mirada",-118.0120086,33.9172357,"49133"
"762",288,1225,"Cypress",-118.0372852,33.8169599,"49087"
"763",178,5404,"Caldwell",-116.6873596,43.6629384,"48957"
"764",98,7166,"Logan",-111.8338359,41.7369803,"48913"
"765",4020,1246,"Galveston",-94.7976958,29.3013479,"48733"
"766",448,6979,"Sheboygan",-87.71453,43.7508284,"48725"
"767",917,5427,"Middletown",-84.3982763,39.5150576,"48630"
"768",1301,5510,"Murray",-111.8879909,40.6668916,"48612"
"769",4628,3289,"Roswell",-104.5230242,33.3942655,"48611"
"770",71,6273,"Parker",-104.7613633,39.5186002,"48608"
"771",2419,2486,"Bedford",-97.1430671,32.844017,"48592"
"772",392,6589,"East Lansing",-84.4838654,42.7369792,"48554"
"773",266,6085,"Methuen",-71.1908924,42.7262016,"48514"
"774",1781,1429,"Covina",-117.8903397,34.0900091,"48508"
"775",1221,1953,"Alexandria",-92.4451371,31.3112936,"48426"
"776",780,5384,"Olympia",-122.9006951,47.0378741,"48338"
"777",700,5438,"Euclid",-81.5267873,41.5931049,"48139"
"778",543,6298,"Mishawaka",-86.1586156,41.6619927,"47989"
"779",1686,4870,"Salina",-97.6114237,38.8402805,"47846"
"780",1781,1429,"Azusa",-117.9075627,34.1336186,"47842"
"781",810,5979,"Newark",-82.4012642,40.0581205,"47777"
"782",1254,4807,"Chesterfield",-90.5770675,38.6631083,"47749"
"783",1002,5231,"Leesburg",-77.5636015,39.1156615,"47673"
"784",1758,2944,"Dunwoody",-84.3346473,33.9462125,"47591"
"785",2537,1984,"Hattiesburg",-89.2903392,31.3271189,"47556"
"786",491,6694,"Roseville",-82.9371409,42.4972583,"47555"
"787",3438,283,"Bonita Springs",-81.7786972,26.339806,"47547"
"788",675,6414,"Portage",-85.5800022,42.2011538,"47523"
"789",498,7755,"St. Louis Park",-93.3702186,44.9597376,"47411"
"790",838,3490,"Collierville",-89.6645266,35.042036,"47333"
"791",495,5644,"Middletown",-72.6506488,41.5623209,"47333"
"792",1986,3980,"Stillwater",-97.0583681,36.1156071,"47186"
"793",780,5618,"East Providence",-71.3700545,41.8137116,"47149"
"794",1093,5869,"Lawrence",-86.0252612,39.8386516,"47135"
"795",328,6779,"Wauwatosa",-88.0075875,43.0494572,"47134"
"796",884,6229,"Mentor",-81.339552,41.6661573,"46979"
"797",1321,2172,"Ceres",-120.9577098,37.5949316,"46714"
"798",1561,2247,"Cedar Hill",-96.9561152,32.5884689,"46663"
"799",688,6268,"Mansfield",-82.5154471,40.75839,"46454"
"800",193,7193,"Binghamton",-75.9179738,42.0986867,"46444"
"801",77,6428,"Coeur d'Alene",-116.7804664,47.6776832,"46402"
"802",1076,2488,"San Luis Obispo",-120.6596156,35.2827524,"46377"
"803",117,8800,"Minot",-101.2922906,48.2329668,"46321"
"804",1561,793,"Palm Springs",-116.5452921,33.8302961,"46281"
"805",1595,2956,"Pine Bluff",-92.0031955,34.2284312,"46094"
"806",3865,1010,"Texas City",-94.9027002,29.383845,"46081"
"807",2340,2291,"Summerville",-80.1756481,33.0185039,"46074"
"808",63,5888,"Twin Falls",-114.4608711,42.5629668,"45981"
"809",2261,4269,"Jeffersonville",-85.7371847,38.2775702,"45929"
"810",7,1950,"San Jacinto",-116.958635,33.7839084,"45851"
"811",1135,3002,"Madison",-86.7483318,34.6992579,"45799"
"812",380,6376,"Altoona",-78.3947359,40.5186809,"45796"
"813",681,5273,"Columbus",-85.9213796,39.2014404,"45775"
"814",551,5247,"Beavercreek",-84.0632685,39.7092262,"45712"
"815",3404,530,"Apopka",-81.5322149,28.6934076,"45587"
"816",842,6339,"Elmhurst",-87.9403418,41.8994744,"45556"
"817",770,1482,"Maricopa",-112.0476423,33.0581063,"45508"
"818",1226,5375,"Farmington",-108.2186856,36.7280583,"45426"
"819",231,6161,"Glenview",-87.7878408,42.0697509,"45417"
"820",700,5438,"Cleveland Heights",-81.556235,41.5200518,"45394"
"821",759,4942,"Draper",-111.8638226,40.5246711,"45285"
"822",376,2895,"Lincoln",-121.2930079,38.891565,"45237"
"823",715,2280,"Sierra Vista",-110.2772856,31.5455001,"45129"
"824",780,5384,"Lacey",-122.8231915,47.0342629,"44919"
"825",2364,1497,"Biloxi",-88.8853078,30.3960318,"44820"
"826",824,5761,"Strongsville",-81.83569,41.3144966,"44730"
"827",536,5795,"Barnstable Town",-70.3002024,41.7003208,"44641"
"828",4289,2416,"Wylie",-96.5388789,33.0151201,"44575"
"829",1116,5272,"Sayreville",-74.360846,40.4594021,"44412"
"830",1766,3383,"Kannapolis",-80.6217341,35.4873613,"44359"
"831",242,4733,"Charlottesville",-78.4766781,38.0293059,"44349"
"832",1196,5926,"Littleton",-105.0166498,39.613321,"44275"
"833",4670,582,"Titusville",-80.8075537,28.6122187,"44206"
"834",1113,4981,"Hackensack",-74.0434736,40.8859325,"44113"
"835",62,2323,"Newark",-122.0402399,37.5296593,"44096"
"836",744,7461,"Pittsfield",-73.2453824,42.4500845,"44057"
"837",825,5079,"York",-76.727745,39.9625984,"43935"
"838",708,6633,"Lombard",-88.0078435,41.8800296,"43907"
"839",804,6304,"Attleboro",-71.2856082,41.9445441,"43886"
"840",1216,6820,"DeKalb",-88.7503647,41.9294736,"43849"
"841",958,5445,"Blacksburg",-80.4139393,37.2295733,"43609"
"842",463,5569,"Dublin",-83.1140771,40.0992294,"43607"
"843",2436,2338,"Haltom City",-97.2691817,32.7995738,"43580"
"844",1286,2447,"Lompoc",-120.4579409,34.6391501,"43509"
"845",443,864,"El Centro",-115.5630514,32.792,"43363"
"846",1559,3242,"Danville",-121.9999606,37.8215929,"43341"
"847",1565,4905,"Jefferson City",-92.1735164,38.5767017,"43330"
"848",3288,264,"Cutler Bay",-80.3468593,25.5808323,"43328"
"849",4041,156,"Oakland Park",-80.1319893,26.1723065,"43286"
"850",4339,146,"North Miami Beach",-80.1625463,25.9331488,"43250"
"851",336,5341,"Freeport",-73.5831835,40.6576022,"43167"
"852",682,5879,"Moline",-90.5151342,41.5067003,"43116"
"853",1734,704,"Coachella",-116.173894,33.6803003,"43092"
"854",4207,454,"Fort Pierce",-80.3256056,27.4467056,"43074"
"855",1163,4053,"Smyrna",-86.5186045,35.9828412,"43060"
"856",786,5806,"Bountiful",-111.880771,40.8893895,"43023"
"857",211,7670,"Fond du Lac",-88.4470508,43.7730448,"42970"
"858",492,5681,"Everett",-71.0536625,42.40843,"42935"
"859",793,3948,"Danville",-79.3950228,36.5859718,"42907"
"860",2583,2466,"Keller",-97.229298,32.9341893,"42907"
"861",1444,4379,"Belleville",-89.9839935,38.5200504,"42895"
"862",588,849,"Bell Gardens",-118.1514588,33.9652918,"42889"
"863",1682,3646,"Cleveland",-84.8766115,35.1595182,"42774"
"864",3754,171,"North Lauderdale",-80.2258811,26.217305,"42757"
"865",907,5196,"Fairfield",-84.5603187,39.3454673,"42635"
"866",607,6040,"Salem",-70.8967155,42.51954,"42544"
"867",845,1481,"Rancho Palos Verdes",-118.3870173,33.7444613,"42448"
"868",373,2653,"San Bruno",-122.4110835,37.6304904,"42443"
"869",382,7236,"Concord",-71.5375718,43.2081366,"42419"
"870",452,7435,"Burlington",-73.212072,44.4758825,"42284"
"871",901,3441,"Apex",-78.8502856,35.732652,"42214"
"872",480,6905,"Midland",-84.2472116,43.6155825,"42181"
"873",3404,530,"Altamonte Springs",-81.3656242,28.6611089,"42150"
"874",1396,5077,"Hutchinson",-97.9297743,38.0608445,"41889"
"875",592,6410,"Buffalo Grove",-87.9631308,42.1662831,"41778"
"876",742,6203,"Urbandale",-93.7121656,41.6266555,"41776"
"877",717,6049,"State College",-77.8600012,40.7933949,"41757"
"878",1073,5869,"Urbana",-88.2072697,40.1105875,"41752"
"879",1128,6220,"Plainfield",-88.2120315,41.632223,"41734"
"880",1178,4717,"Manassas",-77.4752667,38.7509488,"41705"
"881",649,6921,"Bartlett",-88.1856301,41.9950276,"41679"
"882",530,4870,"Kearny",-74.1454214,40.7684342,"41664"
"883",3903,1544,"Oro Valley",-110.966488,32.3909071,"41627"
"884",1149,5876,"Findlay",-83.6499321,41.04422,"41512"
"885",293,2567,"Rohnert Park",-122.7010984,38.3396367,"41398"
"886",702,6613,"Westfield",-72.749538,42.1250929,"41301"
"887",640,5217,"Linden",-74.2445902,40.6220478,"41301"
"888",2096,2844,"Sumter",-80.3414693,33.9204354,"41190"
"889",545,6255,"Wilkes-Barre",-75.8813075,41.2459149,"41108"
"890",664,6277,"Woonsocket",-71.5147839,42.0028761,"41026"
"891",364,6453,"Leominster",-71.759794,42.5250906,"41002"
"892",825,5392,"Shelton",-73.0931641,41.3164856,"40999"
"893",1625,880,"Brea",-117.9000604,33.9166805,"40963"
"894",1067,4957,"Covington",-84.5085536,39.0836712,"40956"
"895",4289,2416,"Rockwall",-96.4597089,32.9312336,"40922"
"896",1158,2552,"Meridian",-88.703656,32.3643098,"40921"
"897",759,4942,"Riverton",-111.9391023,40.521893,"40921"
"898",2362,652,"St. Cloud",-81.2811801,28.2489016,"40918"
"899",909,5417,"Quincy",-91.4098726,39.9356016,"40915"
"900",1811,2343,"Morgan Hill",-121.6543901,37.1305012,"40836"
"901",898,6548,"Warren",-80.8184166,41.2375569,"40768"
"902",1830,5096,"Edmonds",-122.3773552,47.8106521,"40727"
"903",2396,2563,"Burleson",-97.3208492,32.5420821,"40714"
"904",487,6487,"Beverly",-70.880049,42.5584283,"40664"
"905",428,7813,"Mankato",-93.9993996,44.1635775,"40641"
"906",969,5186,"Hagerstown",-77.7199932,39.6417629,"40612"
"907",1498,4528,"Prescott",-112.4685025,34.5400242,"40590"
"908",1882,2673,"Campbell",-121.9499568,37.2871651,"40584"
"909",799,7028,"Cedar Falls",-92.4453161,42.5348993,"40566"
"910",333,2108,"Beaumont",-116.977248,33.9294606,"40481"
"911",588,849,"La Puente",-117.9495083,34.0200114,"40435"
"912",1212,7027,"Crystal Lake",-88.3161965,42.2411344,"40388"
"913",364,6453,"Fitchburg",-71.8022955,42.5834228,"40383"
"914",815,6314,"Carol Stream",-88.1347927,41.9125286,"40379"
"915",863,3620,"Hickory",-81.3444573,35.7344538,"40361"
"916",649,6921,"Streamwood",-88.1784085,42.0255827,"40351"
"917",329,5897,"Norwich",-72.0759105,41.5242649,"40347"
"918",2708,2557,"Coppell",-97.0150078,32.9545687,"40342"
"919",1942,1290,"San Gabriel",-118.1058333,34.0961111,"40275"
"920",702,6613,"Holyoke",-72.6162009,42.2042586,"40249"
"921",1757,4336,"Bentonville",-94.2088172,36.3728538,"40167"
"922",2609,3105,"Florence",-87.677251,34.79981,"40059"
"923",1758,2944,"Peachtree Corners",-84.2214551,33.9698929,"40059"
"924",2751,3688,"Brentwood",-86.7827772,36.0331164,"40021"
"925",157,7701,"Bozeman",-111.0429339,45.6769979,"39860"
"926",459,6689,"New Berlin",-88.1084224,42.9764027,"39834"
"927",1744,1977,"Goose Creek",-80.0325867,32.9810059,"39823"
"928",1933,1813,"Huntsville",-95.5507771,30.7235263,"39795"
"929",729,4281,"Prescott Valley",-112.315721,34.6100243,"39791"
"930",637,7662,"Maplewood",-92.9952153,44.9530215,"39765"
"931",1128,6220,"Romeoville",-88.0895061,41.6475306,"39650"
"932",1561,2247,"Duncanville",-96.9083366,32.6518004,"39605"
"933",476,4457,"Atlantic City",-74.4229266,39.3642834,"39551"
"934",4,3937,"Clovis",-103.2052272,34.4047987,"39508"
"935",2708,2557,"The Colony",-96.8928309,33.0806083,"39458"
"936",1149,1368,"Culver City",-118.3964665,34.0211224,"39428"
"937",563,6413,"Marlborough",-71.5522874,42.3459271,"39414"
"938",1869,1770,"Hilton Head Island",-80.752608,32.216316,"39412"
"939",578,8739,"Moorhead",-96.7678039,46.8737648,"39398"
"940",443,864,"Calexico",-115.4988834,32.6789476,"39389"
"941",589,1047,"Bullhead City",-114.5285981,35.1359386,"39383"
"942",1512,3413,"Germantown",-89.8100858,35.0867577,"39375"
"943",1734,704,"La Quinta",-116.3100095,33.6633573,"39331"
"944",752,5298,"Lancaster",-82.5993294,39.7136754,"39325"
"945",480,8249,"Wausau",-89.6301221,44.9591352,"39309"
"946",2729,2872,"Sherman",-96.6088805,33.6356618,"39296"
"947",3404,530,"Ocoee",-81.5439619,28.5691677,"39172"
"948",605,7376,"Shakopee",-93.5272861,44.7973962,"39167"
"949",574,6315,"Woburn",-71.1522765,42.4792618,"39083"
"950",243,4919,"Bremerton",-122.6329356,47.5673202,"39056"
"951",682,5879,"Rock Island",-90.5787476,41.5094771,"38877"
"952",1685,3635,"Muskogee",-95.3696909,35.7478769,"38863"
"953",2808,4391,"Cape Girardeau",-89.5181476,37.3058839,"38816"
"954",298,3845,"Annapolis",-76.4921829,38.9784453,"38722"
"955",4838,234,"Greenacres",-80.1353896,26.6276276,"38696"
"956",4750,809,"Ormond Beach",-81.0558894,29.2858129,"38661"
"957",4339,146,"Hallandale Beach",-80.148379,25.9812024,"38632"
"958",288,1225,"Stanton",-117.9931165,33.8025155,"38623"
"959",291,4740,"Puyallup",-122.2928974,47.1853785,"38609"
"960",256,2577,"Pacifica",-122.4869194,37.6138253,"38606"
"961",649,6921,"Hanover Park",-88.1450735,41.9994722,"38510"
"962",2419,2486,"Hurst",-97.1705678,32.8234621,"38448"
"963",1002,5988,"Lima",-84.1052256,40.742551,"38355"
"964",3277,1490,"Marana",-111.2224422,32.436381,"38290"
"965",781,6694,"Carpentersville",-88.2578582,42.1211364,"38241"
"966",2021,2478,"Oakley",-121.7124536,37.9974219,"38194"
"967",900,5645,"Huber Heights",-84.1246608,39.843947,"38142"
"968",3547,2429,"Lancaster",-96.7561082,32.5920798,"38071"
"969",1781,1429,"Montclair",-117.6897776,34.0775104,"38027"
"970",592,6410,"Wheeling",-87.9289591,42.1391927,"38015"
"971",328,6779,"Brookfield",-88.1064787,43.0605671,"37999"
"972",842,6339,"Park Ridge",-87.8406192,42.0111412,"37839"
"973",2044,2524,"Florence",-79.7625625,34.1954331,"37792"
"974",961,5980,"Roy",-112.0263313,41.1616108,"37733"
"975",2666,670,"Winter Garden",-81.5861847,28.5652787,"37711"
"976",492,5681,"Chelsea",-71.0328284,42.3917638,"37670"
"977",1004,4840,"Valley Stream",-73.7084645,40.6642699,"37659"
"978",1481,3120,"Spartanburg",-81.9320482,34.9495672,"37647"
"979",193,4076,"Lake Oswego",-122.6706498,45.4206749,"37610"
"980",1159,1289,"Friendswood",-95.2010447,29.5293998,"37587"
"981",992,5324,"Westerville",-82.9290696,40.1261743,"37530"
"982",202,5444,"Northglenn",-104.9811468,39.8961821,"37499"
"983",2368,2122,"Phenix City",-85.0007653,32.4709761,"37498"
"984",922,5473,"Grove City",-83.0929644,39.8814519,"37490"
"985",2233,2700,"Texarkana",-94.0476882,33.425125,"37442"
"986",842,6339,"Addison",-87.9889556,41.931696,"37385"
"987",431,4269,"Dover",-75.5243682,39.158168,"37366"
"988",239,6215,"Lincoln Park",-83.1785361,42.2505943,"37313"
"989",1079,6326,"Calumet City",-87.5294871,41.6155909,"37240"
"990",1040,6559,"Muskegon",-86.2483921,43.2341813,"37213"
"991",4339,146,"Aventura",-80.1392121,25.9564812,"37199"
"992",130,2977,"Martinez",-122.1341321,38.0193657,"37165"
"993",459,6689,"Greenfield",-88.0125865,42.9614039,"37159"
"994",1395,1306,"Apache Junction",-111.5495777,33.4150485,"37130"
"995",1942,1290,"Monrovia",-118.0019482,34.1442616,"37101"
"996",2233,640,"Weslaco",-97.9908366,26.1595194,"37093"
"997",828,4652,"Keizer",-123.0262077,44.9901194,"37064"
"998",553,5594,"Spanish Fork",-111.654923,40.114955,"36956"
"999",545,6890,"Beloit",-89.0317765,42.5083482,"36888"
"1000",1744,1285,"Panama City",-85.6602058,30.1588129,"36877"
